INSERT INTO students (student_id, first_name, last_name, faculty, current_year) VALUES (1, 'Jan', 'Kowalski', 'Fizyka', 1);
INSERT INTO students (student_id, first_name, last_name, faculty, current_year) VALUES (2, 'Ewa', 'Kowalska', 'Astronomia', 2);
INSERT INTO students (student_id, first_name, last_name, faculty, current_year) VALUES (3, 'Krystian', 'Brodaty', 'Informatyka', 1);
INSERT INTO students (student_id, first_name, last_name, faculty, current_year) VALUES (4, 'Agata', 'Herbata', 'Fizyka', 1);
INSERT INTO students (student_id, first_name, last_name, faculty, current_year) VALUES (5, 'Tomasz', 'Plecak', 'Fizyka', 2);
INSERT INTO students (student_id, first_name, last_name, faculty, current_year) VALUES (6, 'Ewelina', 'Lina', 'Informatyka', 1);
INSERT INTO students (student_id, first_name, last_name, faculty, current_year) VALUES (7, 'Eustachy', 'Rzeka', 'Fizyka', 2);
INSERT INTO students (student_id, first_name, last_name, faculty, current_year) VALUES (8, 'Eustachiusz', 'Rzeka', 'Fizyka', 2);

INSERT INTO teachers (teacher_id, first_name, last_name) VALUES (1, 'Marian', 'Jezioro');
INSERT INTO teachers (teacher_id, first_name, last_name) VALUES (2, 'Joanna', 'Talerz');
INSERT INTO teachers (teacher_id, first_name, last_name) VALUES (3, 'Edmund', 'Gruszka');
INSERT INTO teachers (teacher_id, first_name, last_name) VALUES (4, 'Teacher', 'Teacher');
INSERT INTO teachers (teacher_id, first_name, last_name) VALUES (5, 'Teacher2', 'Teacher2');
INSERT INTO teachers (teacher_id, first_name, last_name) VALUES (6, 'Teacher3', 'Teacher3');

INSERT INTO users (user_id, username, password, role, enabled, student_id, teacher_id) VALUES (1, 'student', 'student', 'STUDENT', true, NULL, NULL);
INSERT INTO users (user_id, username, password, role, enabled, student_id, teacher_id) VALUES (2, 'teacher', 'teacher', 'TEACHER', true, NULL, NULL);
INSERT INTO users (user_id, username, password, role, enabled, student_id, teacher_id) VALUES (3, 'admin', 'admin', 'ADMIN', true, NULL, NULL);
INSERT INTO users (user_id, username, password, role, enabled, student_id, teacher_id) VALUES (4, 'Jan.Kowalski', '123456', 'STUDENT', true, 1, NULL);
INSERT INTO users (user_id, username, password, role, enabled, student_id, teacher_id) VALUES (5, 'Ewa.Kowalska', '123456', 'STUDENT', true, 2, NULL);
INSERT INTO users (user_id, username, password, role, enabled, student_id, teacher_id) VALUES (6, 'Krystian.Brodaty', '123456', 'STUDENT', true, 3, NULL);
INSERT INTO users (user_id, username, password, role, enabled, student_id, teacher_id) VALUES (7, 'Agata.Herbata', '123456', 'STUDENT', true, 4, NULL);
INSERT INTO users (user_id, username, password, role, enabled, student_id, teacher_id) VALUES (8, 'Tomasz.Plecak', '123456', 'STUDENT', true, 5, NULL);
INSERT INTO users (user_id, username, password, role, enabled, student_id, teacher_id) VALUES (9, 'Ewelina.Lina', '123456', 'STUDENT', true, 6, NULL);
INSERT INTO users (user_id, username, password, role, enabled, student_id, teacher_id) VALUES (10, 'Eustachy.Rzeka', '123456', 'STUDENT', true, 7, NULL);
INSERT INTO users (user_id, username, password, role, enabled, student_id, teacher_id) VALUES (11, 'Eustachiusz.Rzeka', '123456', 'STUDENT', true, 8, NULL);
INSERT INTO users (user_id, username, password, role, enabled, student_id, teacher_id) VALUES (12, 'Marian.Jezioro', '123456', 'TEACHER', true, NULL, 1);
INSERT INTO users (user_id, username, password, role, enabled, student_id, teacher_id) VALUES (13, 'Joanna.Talerz', '123456', 'TEACHER', true, NULL, 2);
INSERT INTO users (user_id, username, password, role, enabled, student_id, teacher_id) VALUES (14, 'Edmund.Gruszka', '123456', 'TEACHER', true, NULL, 3);
INSERT INTO users (user_id, username, password, role, enabled, student_id, teacher_id) VALUES (15, 'Teacher.Teacher', '123456', 'TEACHER', true, NULL, 4);
INSERT INTO users (user_id, username, password, role, enabled, student_id, teacher_id) VALUES (16, 'Teacher2.Teacher2', '123456', 'TEACHER', true, NULL, 5);
INSERT INTO users (user_id, username, password, role, enabled, student_id, teacher_id) VALUES (17, 'Teacher3.Teacher3', '123456', 'TEACHER', true, NULL, 6);